ordre;rang;url;podcast;categorie;cree_le;file;raison
1;1;https://listenly.fr/podcast-btb/acq2-by-acquired-podcast.html;ACQ2 by Acquired;Business & Entrepreneuriat;2026-09-16;extrait;Prospect : questions extraites
2;1;https://listenly.fr/podcast-btb/a16z-crypto-show-podcast.html;a16z crypto show;Cybersécurité;2026-09-20;extrait;Prospect : questions extraites
3;1;https://listenly.fr/podcast-btb/agoracom-small-cap-ceo-interviews-podcast.html;AGORACOM Small Cap CEO Interviews;Finance & Patrimoine;2026-09-21;extrait;Prospect : questions extraites
4;1;https://listenly.fr/podcast-btb/16-minutes-news-by-a16z-podcast.html;16 Minutes News by a16z;Cybersécurité;2026-09-22;extrait;Prospect : questions extraites
5;1;https://listenly.fr/podcast-btb/answers-with-dr-j-podcast.html;Answers with Dr. J;Business & Entrepreneuriat;2026-09-27;extrait;Prospect : questions extraites
6;1;https://listenly.fr/podcast-btb/automotive-engineering-daily-a-workforce-podcast.html;Automotive Engineering Daily: Workforce Development B2B Podcast;RH & Management;2026-09-27;extrait;Prospect : questions extraites
7;1;https://listenly.fr/podcast-btb/build-america-podcast.html;BUILD America;Business & Entrepreneuriat;2026-09-27;extrait;Prospect : questions extraites
8;1;https://listenly.fr/podcast-btb/build-st-louis-podcast.html;BUILD St. Louis;Business & Entrepreneuriat;2026-09-27;extrait;Prospect : questions extraites
9;1;https://listenly.fr/podcast-btb/beyond-engineering-podcast.html;Beyond Engineering;Business & Entrepreneuriat;2026-10-01;en_attente;Prospect : en attente de mail
10;1;https://listenly.fr/podcast-btb/bigger-life-podcast-podcast.html;Bigger Life Podcast;Finance & Patrimoine;2026-10-01;en_attente;Prospect : en attente de mail
11;1;https://listenly.fr/podcast-btb/buzzhouse-a-baker-tilly-podcast-podcast.html;BuzzHouse: A Baker Tilly Podcast;Finance & Patrimoine;2026-10-01;en_attente;Prospect : en attente de mail
12;1;https://listenly.fr/podcast-btb/changing-energy-podcast.html;Changing Energy;Cybersécurité;2026-10-01;en_attente;Prospect : en attente de mail
13;1;https://listenly.fr/podcast-btb/climate-ceos-podcast.html;Climate CEOs;Business & Entrepreneuriat;2026-10-01;en_attente;Prospect : en attente de mail
14;1;https://listenly.fr/podcast-btb/coffee-with-coker-podcast.html;Coffee with Coker;Santé & Pharma;2026-10-01;en_attente;Prospect : en attente de mail
15;1;https://listenly.fr/podcast-btb/contractor-evolution-podcast.html;Contractor Evolution;Business & Entrepreneuriat;2026-10-01;en_attente;Prospect : en attente de mail
16;1;https://listenly.fr/podcast-btb/cs-no-bs-podcast.html;CS No BS;Business & Entrepreneuriat;2026-10-01;en_attente;Prospect : en attente de mail
17;1;https://listenly.fr/podcast-btb/delivering-marketing-joy-podcast.html;Delivering Marketing Joy;Marketing & Communication;2026-10-01;en_attente;Prospect : en attente de mail
18;1;https://listenly.fr/podcast-btb/edtech-marketing-podcast-podcast.html;EdTech Marketing Podcast;Marketing & Communication;2026-10-01;en_attente;Prospect : en attente de mail
19;1;https://listenly.fr/podcast-btb/hospital-matters-from-the-minnesota-hosp-podcast.html;Hospital Matters from the Minnesota Hospital Association;Santé & Pharma;2026-10-01;en_attente;Prospect : en attente de mail
20;1;https://listenly.fr/podcast-btb/kainexus-continuous-improvement-leadersh-podcast.html;KaiNexus: Continuous Improvement, Leadership, and More;Business & Entrepreneuriat;2026-10-01;en_attente;Prospect : en attente de mail
21;1;https://listenly.fr/podcast-btb/not-your-ceo-s-insights-podcast.html;Not Your CEO's Insights;Business & Entrepreneuriat;2026-10-01;en_attente;Prospect : en attente de mail
22;1;https://listenly.fr/podcast-btb/pave-it-black-the-official-podcast-of-na-podcast.html;Pave It Black: The Official Podcast of NAPA;Business & Entrepreneuriat;2026-10-01;en_attente;Prospect : en attente de mail
23;1;https://listenly.fr/podcast-btb/risk-management-brick-by-brick-podcast.html;Risk Management: Brick by Brick;Business & Entrepreneuriat;2026-10-01;en_attente;Prospect : en attente de mail
24;1;https://listenly.fr/podcast-btb/the-community-bank-podcast-podcast.html;The Community Bank Podcast;Business & Entrepreneuriat;2026-10-01;en_attente;Prospect : en attente de mail
25;1;https://listenly.fr/podcast-btb/the-intangible-brand-podcast.html;The Intangible Brand;Marketing & Communication;2026-10-01;en_attente;Prospect : en attente de mail
26;1;https://listenly.fr/podcast-btb/unraveling-success-podcast.html;Unraveling Success;Business & Entrepreneuriat;2026-10-01;en_attente;Prospect : en attente de mail
27;1;https://listenly.fr/podcast-btb/what-you-need-to-know-with-beau-podcast.html;What You Need to Know with Beau;Immobilier;2026-10-01;en_attente;Prospect : en attente de mail
28;1;https://listenly.fr/podcast-btb/commercially-speaking-podcast-commercial-podcast.html;Commercially Speaking Podcast;Immobilier;2026-08-31;contact;Prospect : deja contacte
29;1;https://listenly.fr/podcast-btb/the-crexi-commercial-real-estate-podcast-podcast.html;The Crexi Commercial Real Estate Podcast;Immobilier;2026-09-02;contact;Prospect : deja contacte
30;1;https://listenly.fr/podcast-btb/the-freightfa-brief-podcast-podcast.html;The FreightFA Brief Podcast;Business & Entrepreneuriat;2026-09-05;contact;Prospect : deja contacte
31;1;https://listenly.fr/podcast-btb/the-namibia-oil-and-gas-podcast-podcast.html;The Namibia Oil and Gas Podcast;Business & Entrepreneuriat;2026-09-05;contact;Prospect : deja contacte
32;1;https://listenly.fr/podcast-btb/the-best-of-the-brutal-truth-about-b2b-s-podcast.html;The Best of the Brutal Truth about B2B Sales & Selling;Business & Entrepreneuriat;2026-09-12;contact;Prospect : deja contacte
33;1;https://listenly.fr/podcast-btb/business-wars-podcast.html;Business Wars;Business & Entrepreneuriat;2026-09-20;contact;Prospect : deja contacte
34;1;https://listenly.fr/podcast-btb/founders-podcast.html;Founders;Business & Entrepreneuriat;2026-09-20;contact;Prospect : deja contacte
35;1;https://listenly.fr/podcast-btb/japan-s-top-business-interviews-podcast-podcast.html;Japan's Top Business Interviews Podcast;Business & Entrepreneuriat;2026-09-20;contact;Prospect : deja contacte
36;1;https://listenly.fr/podcast-btb/freakonomics-radio-podcast.html;Freakonomics Radio;Business & Entrepreneuriat;2026-09-21;contact;Prospect : deja contacte
37;1;https://listenly.fr/podcast-btb/best-damn-coach-podcast-conversations-fo-podcast.html;Best Damn Coach Podcast: Conversations for coaches, mentors, and service providers to grow a profitable coaching business;Business & Entrepreneuriat;2026-09-22;contact;Prospect : deja contacte
38;1;https://listenly.fr/podcast-btb/rock-your-money-rock-your-life-podcast.html;Rock Your Money, Rock Your Life;Business & Entrepreneuriat;2026-09-22;contact;Prospect : deja contacte
39;1;https://listenly.fr/podcast-btb/the-goal-digger-podcast-top-business-and-podcast.html;The Goal Digger Podcast;Business & Entrepreneuriat;2026-09-23;contact;Prospect : deja contacte
40;1;https://listenly.fr/podcast-btb/animation-industry-podcast-podcast.html;Animation Industry Podcast;Business & Entrepreneuriat;2026-09-27;contact;Prospect : deja contacte
41;1;https://listenly.fr/podcast-btb/best-leadership-podcast-ever-podcast.html;Best Leadership Podcast Ever;RH & Management;2026-09-27;contact;Prospect : deja contacte
42;1;https://listenly.fr/podcast-btb/business-wars-daily-podcast.html;Business Wars Daily;Business & Entrepreneuriat;2026-09-27;contact;Prospect : deja contacte
43;1;https://listenly.fr/podcast-btb/center-for-realtor-development-podcast.html;Center for REALTOR® Development;Immobilier;2026-09-27;contact;Prospect : deja contacte
44;1;https://listenly.fr/podcast-btb/clean-energy-pod-podcast.html;Clean Energy Pod;RSE & Impact;2026-09-27;contact;Prospect : deja contacte
45;1;https://listenly.fr/podcast-btb/commercial-real-estate-101-podcast-podcast.html;Commercial Real Estate 101 Podcast;Immobilier;2026-09-27;contact;Prospect : deja contacte
46;1;https://listenly.fr/podcast-btb/commercial-real-estate-investment-confer-podcast.html;Commercial Real Estate Investment Conference Podcast;Immobilier;2026-09-27;contact;Prospect : deja contacte
47;1;https://listenly.fr/podcast-btb/communication-queen-entrepreneurship-mar-podcast.html;Communication Queen;Marketing & Communication;2026-09-27;contact;Prospect : deja contacte
48;1;https://listenly.fr/podcast-btb/construction-and-earthworks-podcast-podcast.html;Construction and Earthworks Podcast;Business & Entrepreneuriat;2026-09-27;contact;Prospect : deja contacte
49;1;https://listenly.fr/podcast-btb/delayland-germany-and-the-missing-magic-podcast.html;Delayland – Germany and the Missing Magic;Société & Culture;2026-09-27;contact;Prospect : deja contacte
50;1;https://listenly.fr/podcast-btb/evergreen-marketing-simplified-online-ma-podcast.html;Evergreen Marketing, Simplified;Marketing & Communication;2026-09-27;contact;Prospect : deja contacte
51;1;https://listenly.fr/podcast-btb/famous-failures-podcast.html;Famous Failures;Business & Entrepreneuriat;2026-09-27;contact;Prospect : deja contacte
52;1;https://listenly.fr/podcast-btb/fei-podcast-podcast.html;FEI Podcast;Finance & Patrimoine;2026-09-27;contact;Prospect : deja contacte
53;1;https://listenly.fr/podcast-btb/find-your-freedom-the-best-entrepreneurs-podcast.html;Find your Freedom - The Best Entrepreneurship Podcast;Business & Entrepreneuriat;2026-09-27;contact;Prospect : deja contacte
54;1;https://listenly.fr/podcast-btb/forward-thinking-the-freight-logistics-s-podcast.html;Forward Thinking - The Freight, Logistics & Supply Chain Podcast;Business & Entrepreneuriat;2026-09-27;contact;Prospect : deja contacte
55;1;https://listenly.fr/podcast-btb/freight-agent-insider-podcast-podcast.html;Freight Agent Insider Podcast;Business & Entrepreneuriat;2026-09-27;contact;Prospect : deja contacte
56;1;https://listenly.fr/podcast-btb/freightwaves-live-an-events-podcast-podcast.html;FreightWaves LIVE: An Events Podcast;Business & Entrepreneuriat;2026-09-27;contact;Prospect : deja contacte
57;1;https://listenly.fr/podcast-btb/future-proof-operations-exploring-digita-podcast.html;Future Proof Operations;Business & Entrepreneuriat;2026-09-27;contact;Prospect : deja contacte
58;1;https://listenly.fr/podcast-btb/how-to-cut-it-in-the-hairdressing-indust-podcast.html;How To Cut It in the Hairdressing Industry;Business & Entrepreneuriat;2026-09-27;contact;Prospect : deja contacte
59;1;https://listenly.fr/podcast-btb/inbound-logistics-podcast-supply-chain-r-podcast.html;Inbound Logistics Podcast: Supply Chain Reactions;Business & Entrepreneuriat;2026-09-27;contact;Prospect : deja contacte
60;1;https://listenly.fr/podcast-btb/it-s-lonely-at-the-top-podcast-podcast.html;It's Lonely at the Top Podcast;Business & Entrepreneuriat;2026-09-27;contact;Prospect : deja contacte
61;1;https://listenly.fr/podcast-btb/l-i-n-k-podcast.html;L.I.N.K.;Business & Entrepreneuriat;2026-09-27;contact;Prospect : deja contacte
62;1;https://listenly.fr/podcast-btb/manufacturing-leadership-an-oil-and-gas-podcast.html;Manufacturing Leadership: An Oil and Gas Podcast;Business & Entrepreneuriat;2026-09-27;contact;Prospect : deja contacte
63;1;https://listenly.fr/podcast-btb/munro-live-podcast-podcast.html;Munro Live Podcast;Cybersécurité;2026-09-27;contact;Prospect : deja contacte
64;1;https://listenly.fr/podcast-btb/opposing-bases-air-traffic-talk-podcast.html;Opposing Bases: Air Traffic Talk;Business & Entrepreneuriat;2026-09-27;contact;Prospect : deja contacte
65;1;https://listenly.fr/podcast-btb/pioneers-of-ai-podcast.html;Pioneers of AI;Cybersécurité;2026-09-27;contact;Prospect : deja contacte
66;1;https://listenly.fr/podcast-btb/planet-money-podcast.html;Planet Money;Finance & Patrimoine;2026-09-27;contact;Prospect : deja contacte
67;1;https://listenly.fr/podcast-btb/real-estate-uncensored-real-estate-sales-podcast.html;Real Estate Uncensored - Real Estate Sales & Marketing Training Podcast;Immobilier;2026-09-27;contact;Prospect : deja contacte
68;1;https://listenly.fr/podcast-btb/real-famous-podcast.html;Real Famous;Marketing & Communication;2026-09-27;contact;Prospect : deja contacte
69;1;https://listenly.fr/podcast-btb/resource-talks-ceo-bbq-podcast.html;Resource Talks (CEO BBQ);Finance & Patrimoine;2026-09-27;contact;Prospect : deja contacte
70;1;https://listenly.fr/podcast-btb/sweat-capital-podcast.html;Sweat Capital;Business & Entrepreneuriat;2026-09-27;contact;Prospect : deja contacte
71;1;https://listenly.fr/podcast-btb/talking-industrial-automation-podcast.html;Talking Industrial Automation Podcast;Cybersécurité;2026-09-27;contact;Prospect : deja contacte
72;1;https://listenly.fr/podcast-btb/talking-logistics-podcasts-podcast.html;Talking Logistics Podcasts;Business & Entrepreneuriat;2026-09-27;contact;Prospect : deja contacte
73;1;https://listenly.fr/podcast-btb/the-best-of-the-best-podcast-podcast.html;The Best of The Best Podcast;Finance & Patrimoine;2026-09-27;contact;Prospect : deja contacte
74;1;https://listenly.fr/podcast-btb/the-best-of-yvonne-podcast-podcast.html;The Best of Yvonne Podcast;Business & Entrepreneuriat;2026-09-27;contact;Prospect : deja contacte
75;1;https://listenly.fr/podcast-btb/the-bid-an-investing-podcast-from-blackr-podcast.html;The Bid - An Investing Podcast from BlackRock;Finance & Patrimoine;2026-09-27;contact;Prospect : deja contacte
76;1;https://listenly.fr/podcast-btb/the-commercial-real-estate-investor-podc-podcast.html;The Commercial Real Estate Investor Podcast;Immobilier;2026-09-27;contact;Prospect : deja contacte
77;1;https://listenly.fr/podcast-btb/the-construction-leadership-podcast-exec-podcast.html;The Construction Leadership Podcast: Executive Strategies to Build Elite Teams & Consistently Deliver On-Time, Under Budget;Business & Entrepreneuriat;2026-09-27;contact;Prospect : deja contacte
78;1;https://listenly.fr/podcast-btb/the-entrepreneurs-podcast-founder-s-dna-podcast.html;The Entrepreneurs Podcast: Founder's DNA, Undeniable Business Ideas, and Proven MVP Strategies;Business & Entrepreneuriat;2026-09-27;contact;Prospect : deja contacte
79;1;https://listenly.fr/podcast-btb/the-fence-industry-podcast-podcast.html;The Fence Industry Podcast;Business & Entrepreneuriat;2026-09-27;contact;Prospect : deja contacte
80;1;https://listenly.fr/podcast-btb/the-founders-podcast-podcast.html;The Founders Podcast;Business & Entrepreneuriat;2026-09-27;contact;Prospect : deja contacte
81;1;https://listenly.fr/podcast-btb/the-humble-entrepreneur-podcast-podcast.html;The Humble Entrepreneur Podcast;Business & Entrepreneuriat;2026-09-27;contact;Prospect : deja contacte
82;1;https://listenly.fr/podcast-btb/the-robot-industry-podcast-podcast.html;The Robot Industry Podcast;Cybersécurité;2026-09-27;contact;Prospect : deja contacte
83;1;https://listenly.fr/podcast-btb/the-systems-engineering-podcast-podcast.html;The Systems Engineering Podcast;Business & Entrepreneuriat;2026-09-27;contact;Prospect : deja contacte
84;1;https://listenly.fr/podcast-btb/the-top-1-podcast-podcast.html;The Top 1% Podcast;Business & Entrepreneuriat;2026-09-27;contact;Prospect : deja contacte
85;1;https://listenly.fr/podcast-btb/tools-of-titans-the-tactics-routines-and-podcast.html;Tools of Titans: The Tactics, Routines, and Habits of World-Class Performers;Business & Entrepreneuriat;2026-09-27;contact;Prospect : deja contacte
86;1;https://listenly.fr/podcast-btb/top-100-business-books-review-podcast-podcast.html;Top 100 Business Books Review Podcast;Business & Entrepreneuriat;2026-09-27;contact;Prospect : deja contacte
87;1;https://listenly.fr/podcast-btb/top-founders-podcast.html;Top Founders;Business & Entrepreneuriat;2026-09-27;contact;Prospect : deja contacte
88;1;https://listenly.fr/podcast-btb/top-producer-podcast-podcast.html;Top Producer Podcast;Finance & Patrimoine;2026-09-27;contact;Prospect : deja contacte
89;1;https://listenly.fr/podcast-btb/top-rated-gym-franchising-secrets-for-fi-podcast.html;Top Rated Gym: Franchising Secrets For Fitness Business Owners;Business & Entrepreneuriat;2026-09-27;contact;Prospect : deja contacte
90;1;https://listenly.fr/podcast-btb/under-development-with-scannell-properti-podcast.html;Under Development with Scannell Properties;Immobilier;2026-09-27;contact;Prospect : deja contacte
91;1;https://listenly.fr/podcast-btb/vancouver-commercial-real-estate-podcast-podcast.html;Vancouver Commercial Real Estate Podcast;Immobilier;2026-09-27;contact;Prospect : deja contacte
92;1;https://listenly.fr/podcast-btb/y-combinator-startup-podcast-podcast.html;Y Combinator Startup Podcast;Business & Entrepreneuriat;2026-09-27;contact;Prospect : deja contacte
93;1;https://listenly.fr/podcast-btb/your-next-best-move-podcast.html;Your Next Best Move;Business & Entrepreneuriat;2026-09-27;contact;Prospect : deja contacte
94;1;https://listenly.fr/podcast-btb/808-ai-podcast-podcast.html;808 AI Podcast;Business & Entrepreneuriat;2026-09-28;contact;Prospect : deja contacte
95;1;https://listenly.fr/podcast-btb/arete-podcast-with-richard-triggs-podcast.html;Arete Podcast with Richard Triggs;Business & Entrepreneuriat;2026-09-28;contact;Prospect : deja contacte
96;1;https://listenly.fr/podcast-btb/aviation-news-talk-pilot-stories-safety-podcast.html;Aviation News Talk – Pilot Stories, Safety Tips & General Aviation News;Business & Entrepreneuriat;2026-09-28;contact;Prospect : deja contacte
97;1;https://listenly.fr/podcast-btb/b2b-synergy-the-power-partners-usa-podca-podcast.html;B2B Synergy - The Power Partners USA Podcast;Business & Entrepreneuriat;2026-09-28;contact;Prospect : deja contacte
98;1;https://listenly.fr/podcast-btb/beyond-the-best-the-ninety-innovation-po-podcast.html;Beyond the Best. The Ninety Innovation Podcast;Business & Entrepreneuriat;2026-09-28;contact;Prospect : deja contacte
99;1;https://listenly.fr/podcast-btb/bookthinkers-life-changing-books-podcast.html;BookThinkers: Life-Changing Books;Business & Entrepreneuriat;2026-09-28;contact;Prospect : deja contacte
100;1;https://listenly.fr/podcast-btb/cnbc-s-fast-money-podcast.html;CNBC's Fast Money;Finance & Patrimoine;2026-09-28;contact;Prospect : deja contacte
101;1;https://listenly.fr/podcast-btb/data-engineering-podcast-podcast.html;Data Engineering Podcast;Cybersécurité;2026-09-28;contact;Prospect : deja contacte
102;1;https://listenly.fr/podcast-btb/energy-gang-podcast.html;Energy Gang;Cybersécurité;2026-09-28;contact;Prospect : deja contacte
103;1;https://listenly.fr/podcast-btb/executives-unpacked-inspiration-from-the-podcast.html;Executives Unpacked: Inspiration from the Boardroom;Cybersécurité;2026-09-28;contact;Prospect : deja contacte
104;1;https://listenly.fr/podcast-btb/interchange-recharged-podcast.html;Interchange Recharged;Cybersécurité;2026-09-28;contact;Prospect : deja contacte
105;1;https://listenly.fr/podcast-btb/mentors-collective-ceo-interviews-podcast.html;Mentors Collective: CEO Interviews;Business & Entrepreneuriat;2026-09-28;contact;Prospect : deja contacte
106;1;https://listenly.fr/podcast-btb/moneycontrol-podcast-podcast.html;Moneycontrol Podcast;Finance & Patrimoine;2026-09-28;contact;Prospect : deja contacte
107;1;https://listenly.fr/podcast-btb/real-finds-podcast-commercial-real-estat-podcast.html;Real Finds Podcast: Commercial Real Estate Unfiltered;Immobilier;2026-09-28;contact;Prospect : deja contacte
108;1;https://listenly.fr/podcast-btb/rok-talk-on-sensing-safety-industrial-co-podcast.html;ROK Talk on Sensing, Safety & Industrial Components;Cybersécurité;2026-09-28;contact;Prospect : deja contacte
109;1;https://listenly.fr/podcast-btb/that-s-delivered-podcast-podcast.html;That's Delivered Podcast;Business & Entrepreneuriat;2026-09-28;contact;Prospect : deja contacte
110;1;https://listenly.fr/podcast-btb/the-boom-real-estate-podcast-podcast.html;The Boom Real Estate Podcast;Business & Entrepreneuriat;2026-09-28;contact;Prospect : deja contacte
111;1;https://listenly.fr/podcast-btb/the-executive-connect-podcast-podcast.html;The Executive Connect Podcast;Business & Entrepreneuriat;2026-09-28;contact;Prospect : deja contacte
112;1;https://listenly.fr/podcast-btb/the-jacqueline-smith-podcast-podcast.html;The Jacqueline Smith Podcast;Immobilier;2026-09-28;contact;Prospect : deja contacte
113;1;https://listenly.fr/podcast-btb/the-mineral-rights-podcast-mineral-right-podcast.html;The Mineral Rights Podcast: Mineral Rights | Royalties | Oil and Gas | Matt Sands;Droit & Juridique;2026-09-28;contact;Prospect : deja contacte
114;1;https://listenly.fr/podcast-btb/the-robotics-business-with-fexingo-autom-podcast.html;The Robotics Business with Fexingo: Automation, Industrial Robots, and Hardware Startups;Cybersécurité;2026-09-28;contact;Prospect : deja contacte
115;1;https://listenly.fr/podcast-btb/united-states-energy-association-podcast.html;United States Energy Association Podcast;Cybersécurité;2026-09-28;contact;Prospect : deja contacte
116;1;https://listenly.fr/podcast-btb/wbsrocks-scaling-growth-with-ai-enterpri-podcast.html;WBSRocks: Scaling Growth with AI, Enterprise Software, and Digital Transformation;Cybersécurité;2026-09-28;contact;Prospect : deja contacte
117;1;https://listenly.fr/podcast-btb/we-are-jobs-podcast-podcast.html;We Are Jobs Podcast;Business & Entrepreneuriat;2026-09-28;contact;Prospect : deja contacte
118;1;https://listenly.fr/podcast-btb/write-with-influence-podcast.html;Write With Influence;Marketing & Communication;2026-09-28;contact;Prospect : deja contacte
119;1;https://listenly.fr/podcast-btb/architecture-of-sales-enter-polish-b2b-m-podcast.html;Architecture of Sales - Enter Polish B2B Market Podcast;Business & Entrepreneuriat;2026-09-29;contact;Prospect : deja contacte
120;1;https://listenly.fr/podcast-btb/beyond-barriers-an-accessibility-podcast-podcast.html;Beyond Barriers: An Accessibility Podcast;Cybersécurité;2026-09-29;contact;Prospect : deja contacte
121;1;https://listenly.fr/podcast-btb/biggerpockets-real-estate-podcast-podcast.html;BiggerPockets Real Estate Podcast;Immobilier;2026-09-29;contact;Prospect : deja contacte
122;1;https://listenly.fr/podcast-btb/business-daily-podcast.html;Business Daily;Finance & Patrimoine;2026-09-29;contact;Prospect : deja contacte
123;1;https://listenly.fr/podcast-btb/commercial-real-estate-insights-podcast-podcast.html;Commercial Real Estate Insights Podcast;Immobilier;2026-09-29;contact;Prospect : deja contacte
124;1;https://listenly.fr/podcast-btb/commercial-real-estate-mastery-podcast-podcast.html;Commercial Real Estate Mastery Podcast;Immobilier;2026-09-29;contact;Prospect : deja contacte
125;1;https://listenly.fr/podcast-btb/dig-deep-podcast.html;Dig Deep;Business & Entrepreneuriat;2026-09-29;contact;Prospect : deja contacte
126;1;https://listenly.fr/podcast-btb/driving-forward-podcast-podcast.html;Driving Forward Podcast;Business & Entrepreneuriat;2026-09-29;contact;Prospect : deja contacte
127;1;https://listenly.fr/podcast-btb/innovators-can-laugh-podcast.html;Innovators Can Laugh;Business & Entrepreneuriat;2026-09-29;contact;Prospect : deja contacte
128;1;https://listenly.fr/podcast-btb/investec-future-impact-podcast.html;Investec Future Impact;RSE & Impact;2026-09-29;contact;Prospect : deja contacte
129;1;https://listenly.fr/podcast-btb/iot-for-all-podcast-podcast.html;IoT For All Podcast;Cybersécurité;2026-09-29;contact;Prospect : deja contacte
130;1;https://listenly.fr/podcast-btb/josh-maraney-seo-google-ads-and-answer-e-podcast.html;Josh Maraney - SEO, Google Ads and Answer Engine Optimisation Podcast;Marketing & Communication;2026-09-29;contact;Prospect : deja contacte
131;1;https://listenly.fr/podcast-btb/journey-to-developher-podcast-podcast.html;Journey to DevelopHer™ Podcast;Immobilier;2026-09-29;contact;Prospect : deja contacte
132;1;https://listenly.fr/podcast-btb/kingdom-first-podcast-god-s-blueprint-fo-podcast.html;Kingdom First Podcast - God's Blueprint For Your Best Life;Business & Entrepreneuriat;2026-09-29;contact;Prospect : deja contacte
133;1;https://listenly.fr/podcast-btb/leaders-of-b2b-podcast-interviews-on-bus-podcast.html;Leaders of B2B Podcast - Interviews on Business Leadership, B2B Sales, B2B Marketing and Revenue Growth;Business & Entrepreneuriat;2026-09-29;contact;Prospect : deja contacte
134;1;https://listenly.fr/podcast-btb/love-procurement-the-podcast-podcast.html;Love Procurement: The Podcast;Business & Entrepreneuriat;2026-09-29;contact;Prospect : deja contacte
135;1;https://listenly.fr/podcast-btb/magic-business-podcast-podcast.html;Magic Business Podcast;Business & Entrepreneuriat;2026-09-29;contact;Prospect : deja contacte
136;1;https://listenly.fr/podcast-btb/mining-minds-podcast.html;Mining Minds;Business & Entrepreneuriat;2026-09-29;contact;Prospect : deja contacte
137;1;https://listenly.fr/podcast-btb/nuclear-energy-is-the-better-podcast-podcast.html;Nuclear Energy Is The Better Podcast;Cybersécurité;2026-09-29;contact;Prospect : deja contacte
138;1;https://listenly.fr/podcast-btb/office-hour-podcast.html;Office Hour;Business & Entrepreneuriat;2026-09-29;contact;Prospect : deja contacte
139;1;https://listenly.fr/podcast-btb/on-orbit-podcast.html;On Orbit;Cybersécurité;2026-09-29;contact;Prospect : deja contacte
140;1;https://listenly.fr/podcast-btb/podbiz-where-s-the-money-in-podcasting-podcast.html;PodBiz | Where's The Money In Podcasting?;Business & Entrepreneuriat;2026-09-29;contact;Prospect : deja contacte
141;1;https://listenly.fr/podcast-btb/rapid-response-podcast.html;Rapid Response;Business & Entrepreneuriat;2026-09-29;contact;Prospect : deja contacte
142;1;https://listenly.fr/podcast-btb/sales-top-to-bottom-podcast-podcast.html;Sales: Top to Bottom Podcast;Business & Entrepreneuriat;2026-09-29;contact;Prospect : deja contacte
143;1;https://listenly.fr/podcast-btb/selling-on-giants-the-ecommerce-marketpl-podcast.html;Selling on Giants: The eCommerce Marketplace Podcast;Business & Entrepreneuriat;2026-09-29;contact;Prospect : deja contacte
144;1;https://listenly.fr/podcast-btb/that-makes-cents-a-consumer-podcast-podcast.html;That Makes Cents: A consumer podcast;Business & Entrepreneuriat;2026-09-29;contact;Prospect : deja contacte
145;1;https://listenly.fr/podcast-btb/the-advisor-internet-marketing-podcast-podcast.html;The Advisor Internet Marketing Podcast;Business & Entrepreneuriat;2026-09-29;contact;Prospect : deja contacte
146;1;https://listenly.fr/podcast-btb/the-ai-healthcare-podcast-podcast.html;The AI Healthcare Podcast;Santé & Pharma;2026-09-29;contact;Prospect : deja contacte
147;1;https://listenly.fr/podcast-btb/the-better-contractor-podcast-podcast.html;The Better Contractor Podcast;Business & Entrepreneuriat;2026-09-29;contact;Prospect : deja contacte
148;1;https://listenly.fr/podcast-btb/the-drill-down-exploring-oil-and-gas-top-podcast.html;The Drill Down - Exploring Oil and Gas Topics;Business & Entrepreneuriat;2026-09-29;contact;Prospect : deja contacte
149;1;https://listenly.fr/podcast-btb/the-dsr-network-podcast.html;The DSR Network;Société & Culture;2026-09-29;contact;Prospect : deja contacte
150;1;https://listenly.fr/podcast-btb/the-foundr-podcast-with-nathan-chan-podcast.html;The Foundr Podcast with Nathan Chan;Business & Entrepreneuriat;2026-09-29;contact;Prospect : deja contacte
151;1;https://listenly.fr/podcast-btb/the-freeing-energy-podcast-podcast.html;The Freeing Energy Podcast;RSE & Impact;2026-09-29;contact;Prospect : deja contacte
152;1;https://listenly.fr/podcast-btb/the-garyvee-audio-experience-podcast.html;The GaryVee Audio Experience;Business & Entrepreneuriat;2026-09-29;contact;Prospect : deja contacte
153;1;https://listenly.fr/podcast-btb/the-inner-game-of-leadership-with-tony-e-podcast.html;The Inner Game of Leadership with Tony Everett;RH & Management;2026-09-29;contact;Prospect : deja contacte
154;1;https://listenly.fr/podcast-btb/the-itam-executive-a-podcast-for-it-asse-podcast.html;The ITAM Executive: A Podcast for IT Asset Management Professionals;Cybersécurité;2026-09-29;contact;Prospect : deja contacte
155;1;https://listenly.fr/podcast-btb/the-ketamine-startup-podcast-podcast.html;The Ketamine StartUp Podcast;Santé & Pharma;2026-09-29;contact;Prospect : deja contacte
156;1;https://listenly.fr/podcast-btb/the-leading-ladies-of-economic-developme-podcast.html;The Leading Ladies of Economic Development®;Business & Entrepreneuriat;2026-09-29;contact;Prospect : deja contacte
157;1;https://listenly.fr/podcast-btb/the-marketing-millennials-podcast.html;The Marketing Millennials;Marketing & Communication;2026-09-29;contact;Prospect : deja contacte
158;1;https://listenly.fr/podcast-btb/the-marketing-school-podcast-podcast.html;The Marketing School Podcast;Marketing & Communication;2026-09-29;contact;Prospect : deja contacte
159;1;https://listenly.fr/podcast-btb/the-northern-miner-podcast-podcast.html;The Northern Miner Podcast;Finance & Patrimoine;2026-09-29;contact;Prospect : deja contacte
160;1;https://listenly.fr/podcast-btb/top-performer-the-podcast-podcast.html;Top Performer: The Podcast;Business & Entrepreneuriat;2026-09-29;contact;Prospect : deja contacte
161;1;https://listenly.fr/podcast-btb/trend-detection-podcast-podcast.html;Trend Detection Podcast;Cybersécurité;2026-09-29;contact;Prospect : deja contacte
162;1;https://listenly.fr/podcast-btb/triple-top-line-podcast-podcast.html;Triple Top Line Podcast;RSE & Impact;2026-09-29;contact;Prospect : deja contacte
163;1;https://listenly.fr/podcast-btb/your-brilliant-difference-podcast-with-f-podcast.html;Your Brilliant Difference Podcast with Finka Jerkovic: Personal Branding for Career Advancement;RH & Management;2026-09-29;contact;Prospect : deja contacte
164;1;https://listenly.fr/podcast-btb/360-podcast-for-women-podcast.html;360 Podcast for Women;Business & Entrepreneuriat;2026-09-30;contact;Prospect : deja contacte
165;1;https://listenly.fr/podcast-btb/909exec-podcast.html;909Exec;Cybersécurité;2026-09-30;contact;Prospect : deja contacte
166;1;https://listenly.fr/podcast-btb/a-podcast-about-leadership-podcast.html;A Podcast About Leadership;RH & Management;2026-09-30;contact;Prospect : deja contacte
167;1;https://listenly.fr/podcast-btb/a-procurement-podcast-the-reform-rundown-podcast.html;A Procurement Podcast - The Reform Rundown;Business & Entrepreneuriat;2026-09-30;contact;Prospect : deja contacte
168;1;https://listenly.fr/podcast-btb/aaaim-high-eli-podcast.html;AAAIM High ELI;Finance & Patrimoine;2026-09-30;contact;Prospect : deja contacte
169;1;https://listenly.fr/podcast-btb/additive-manufacturing-podcast.html;Additive Manufacturing;Cybersécurité;2026-09-30;contact;Prospect : deja contacte
170;1;https://listenly.fr/podcast-btb/agency-life-podcast.html;Agency Life;Business & Entrepreneuriat;2026-09-30;contact;Prospect : deja contacte
171;1;https://listenly.fr/podcast-btb/ai-negotiation-unlocked-podcast.html;AI Negotiation Unlocked;Business & Entrepreneuriat;2026-09-30;contact;Prospect : deja contacte
172;1;https://listenly.fr/podcast-btb/aiche-doing-a-world-of-good-podcast.html;AIChE - Doing a World of Good;Business & Entrepreneuriat;2026-09-30;contact;Prospect : deja contacte
173;1;https://listenly.fr/podcast-btb/america-first-energy-podcast-podcast.html;America First Energy Podcast;Business & Entrepreneuriat;2026-09-30;contact;Prospect : deja contacte
174;1;https://listenly.fr/podcast-btb/b2b-marketers-on-a-mission-podcast.html;B2B Marketers on a Mission;Marketing & Communication;2026-09-30;contact;Prospect : deja contacte
175;1;https://listenly.fr/podcast-btb/bee-to-bee-a-b2b-marketing-podcast-podcast.html;Bee to Bee: A B2B Marketing Podcast;Marketing & Communication;2026-09-30;contact;Prospect : deja contacte
176;1;https://listenly.fr/podcast-btb/beyondcore-podcast.html;BeyondCore;Business & Entrepreneuriat;2026-09-30;contact;Prospect : deja contacte
177;1;https://listenly.fr/podcast-btb/boardroom-governance-with-evan-epstein-podcast.html;Boardroom Governance with Evan Epstein;Business & Entrepreneuriat;2026-09-30;contact;Prospect : deja contacte
178;1;https://listenly.fr/podcast-btb/bold-names-podcast.html;Bold Names;Business & Entrepreneuriat;2026-09-30;contact;Prospect : deja contacte
179;1;https://listenly.fr/podcast-btb/build-what-s-next-digital-product-perspe-podcast.html;Build What's Next: Digital Product Perspectives;Cybersécurité;2026-09-30;contact;Prospect : deja contacte
180;1;https://listenly.fr/podcast-btb/clarity-show-podcast-podcast.html;CLARITY.SHOW Podcast;Business & Entrepreneuriat;2026-09-30;contact;Prospect : deja contacte
181;1;https://listenly.fr/podcast-btb/commerce-talks-with-alexander-graf-podcast.html;Commerce Talks with Alexander Graf;Business & Entrepreneuriat;2026-09-30;contact;Prospect : deja contacte
182;1;https://listenly.fr/podcast-btb/commercial-real-estate-talk-podcast-podcast.html;Commercial Real Estate Talk Podcast;Immobilier;2026-09-30;contact;Prospect : deja contacte
183;1;https://listenly.fr/podcast-btb/crownsmen-partners-podcast.html;Crownsmen Partners;Business & Entrepreneuriat;2026-09-30;contact;Prospect : deja contacte
184;1;https://listenly.fr/podcast-btb/customer-experience-radio-podcast.html;Customer Experience Radio;Business & Entrepreneuriat;2026-09-30;contact;Prospect : deja contacte
185;1;https://listenly.fr/podcast-btb/cvm-stories-podcast.html;CVM Stories;Business & Entrepreneuriat;2026-09-30;contact;Prospect : deja contacte
186;1;https://listenly.fr/podcast-btb/cyberly-podcast.html;Cyberly;Marketing & Communication;2026-09-30;contact;Prospect : deja contacte
187;1;https://listenly.fr/podcast-btb/datalab-the-materials-informatics-podcas-podcast.html;DataLab: The Materials Informatics Podcast;Cybersécurité;2026-09-30;contact;Prospect : deja contacte
188;1;https://listenly.fr/podcast-btb/digital-chemical-playbook-podcast.html;Digital Chemical Playbook;Cybersécurité;2026-09-30;contact;Prospect : deja contacte
189;1;https://listenly.fr/podcast-btb/disruptors-podcast.html;Disruptors;Business & Entrepreneuriat;2026-09-30;contact;Prospect : deja contacte
190;1;https://listenly.fr/podcast-btb/empowhered-with-alli-elmunzer-podcast.html;EmpowHERed with Alli Elmunzer;Business & Entrepreneuriat;2026-09-30;contact;Prospect : deja contacte
191;1;https://listenly.fr/podcast-btb/excellence-in-healthcare-podcast-podcast.html;Excellence In Healthcare Podcast;Santé & Pharma;2026-09-30;contact;Prospect : deja contacte
192;1;https://listenly.fr/podcast-btb/family-office-podcast-billionaire-centim-podcast.html;Family Office Podcast: Billionaire & Centimillionaire Interviews & Investor Club Insights;Finance & Patrimoine;2026-09-30;contact;Prospect : deja contacte
193;1;https://listenly.fr/podcast-btb/finscale-in-english-podcast.html;Finscale in English;Finance & Patrimoine;2026-09-30;contact;Prospect : deja contacte
194;1;https://listenly.fr/podcast-btb/founder-friendly-venture-capital-startup-podcast.html;Founder Friendly: Venture Capital | Startups | Tech;Business & Entrepreneuriat;2026-09-30;contact;Prospect : deja contacte
195;1;https://listenly.fr/podcast-btb/from-the-battlefield-to-the-boardroom-podcast.html;From the Battlefield to the Boardroom;Business & Entrepreneuriat;2026-09-30;contact;Prospect : deja contacte
196;1;https://listenly.fr/podcast-btb/full-funnel-b2b-marketing-show-podcast.html;Full-Funnel B2B Marketing Show;Marketing & Communication;2026-09-30;contact;Prospect : deja contacte
197;1;https://listenly.fr/podcast-btb/full-funnel-freedom-podcast.html;Full Funnel Freedom;Business & Entrepreneuriat;2026-09-30;contact;Prospect : deja contacte
198;1;https://listenly.fr/podcast-btb/gbs-corp-smart-business-solutions-podcast.html;GBS Corp - Smart Business Solutions;Business & Entrepreneuriat;2026-09-30;contact;Prospect : deja contacte
199;1;https://listenly.fr/podcast-btb/global-voices-in-engineering-podcast.html;Global Voices in Engineering;Business & Entrepreneuriat;2026-09-30;contact;Prospect : deja contacte
200;1;https://listenly.fr/podcast-btb/hearts-mines-podcast.html;Hearts & Mines;RH & Management;2026-09-30;contact;Prospect : deja contacte
201;1;https://listenly.fr/podcast-btb/hecast-the-podcast-for-men-by-hechangedi-podcast.html;heCast | The Podcast for Men by HeChangedIt;Business & Entrepreneuriat;2026-09-30;contact;Prospect : deja contacte
202;1;https://listenly.fr/podcast-btb/how-to-acquire-podcast-podcast.html;How To Acquire Podcast;Finance & Patrimoine;2026-09-30;contact;Prospect : deja contacte
203;1;https://listenly.fr/podcast-btb/inside-the-strategy-room-podcast.html;Inside the Strategy Room;Business & Entrepreneuriat;2026-09-30;contact;Prospect : deja contacte
204;1;https://listenly.fr/podcast-btb/inter-dev-b2b-digital-marketing-podcast-podcast.html;Inter-Dev B2B Digital Marketing Podcast;Marketing & Communication;2026-09-30;contact;Prospect : deja contacte
205;1;https://listenly.fr/podcast-btb/intermission-podcast.html;Intermission;Business & Entrepreneuriat;2026-09-30;contact;Prospect : deja contacte
206;1;https://listenly.fr/podcast-btb/iot-ai-leaders-podcast.html;IoT & AI Leaders;Cybersécurité;2026-09-30;contact;Prospect : deja contacte
207;1;https://listenly.fr/podcast-btb/isf-podcast-podcast.html;ISF Podcast;Cybersécurité;2026-09-30;contact;Prospect : deja contacte
208;1;https://listenly.fr/podcast-btb/javascript-jabber-podcast.html;JavaScript Jabber;Cybersécurité;2026-09-30;contact;Prospect : deja contacte
209;1;https://listenly.fr/podcast-btb/joy-work-from-kearney-podcast.html;Joy@Work from Kearney;RH & Management;2026-09-30;contact;Prospect : deja contacte
210;1;https://listenly.fr/podcast-btb/life-in-the-cloud-podcast.html;Life in the Cloud;Cybersécurité;2026-09-30;contact;Prospect : deja contacte
211;1;https://listenly.fr/podcast-btb/made-to-grow-the-sme-manufacturing-podca-podcast.html;Made To Grow: The SME Manufacturing Podcast;Business & Entrepreneuriat;2026-09-30;contact;Prospect : deja contacte
212;1;https://listenly.fr/podcast-btb/making-it-in-ontario-archived-podcast.html;Making it in Ontario (ARCHIVED);Business & Entrepreneuriat;2026-09-30;contact;Prospect : deja contacte
213;1;https://listenly.fr/podcast-btb/manufacturing-matters-with-the-council-o-podcast.html;Manufacturing Matters with The Council of Industry;Business & Entrepreneuriat;2026-09-30;contact;Prospect : deja contacte
214;1;https://listenly.fr/podcast-btb/manufacturing-talk-radio-podcast.html;Manufacturing Talk Radio;Business & Entrepreneuriat;2026-09-30;contact;Prospect : deja contacte
215;1;https://listenly.fr/podcast-btb/marketscale-radio-podcast.html;MarketScale Radio;Business & Entrepreneuriat;2026-09-30;contact;Prospect : deja contacte
216;1;https://listenly.fr/podcast-btb/meridian-pursuit-builders-podcast.html;Meridian Pursuit Builders Podcast;Business & Entrepreneuriat;2026-09-30;contact;Prospect : deja contacte
217;1;https://listenly.fr/podcast-btb/ore-atory-elevating-mining-minds-podcast.html;ORE-ATORY: Elevating Mining Minds;Business & Entrepreneuriat;2026-09-30;contact;Prospect : deja contacte
218;1;https://listenly.fr/podcast-btb/payments-nerds-podcast.html;Payments Nerds;Finance & Patrimoine;2026-09-30;contact;Prospect : deja contacte
219;1;https://listenly.fr/podcast-btb/planet-new-jersey-podcast.html;Planet New Jersey;Business & Entrepreneuriat;2026-09-30;contact;Prospect : deja contacte
220;1;https://listenly.fr/podcast-btb/plesk-official-podcast-podcast.html;Plesk Official Podcast;Cybersécurité;2026-09-30;contact;Prospect : deja contacte
221;1;https://listenly.fr/podcast-btb/private-practice-startup-podcast-podcast.html;Private Practice Startup Podcast;Business & Entrepreneuriat;2026-09-30;contact;Prospect : deja contacte
222;1;https://listenly.fr/podcast-btb/procurement-initiative-leaders-podcast-podcast.html;Procurement Initiative Leaders Podcast;Business & Entrepreneuriat;2026-09-30;contact;Prospect : deja contacte
223;1;https://listenly.fr/podcast-btb/raise-podcast-podcast.html;RAISE Podcast;Finance & Patrimoine;2026-09-30;contact;Prospect : deja contacte
224;1;https://listenly.fr/podcast-btb/renew-s-renewables-going-mainstream-podc-podcast.html;RENEW's Renewables Going Mainstream Podcast;Business & Entrepreneuriat;2026-09-30;contact;Prospect : deja contacte
225;1;https://listenly.fr/podcast-btb/rev-it-up-with-jess-tiffany-podcast.html;Rev It Up with Jess Tiffany;Business & Entrepreneuriat;2026-09-30;contact;Prospect : deja contacte
226;1;https://listenly.fr/podcast-btb/rise-inside-podcast.html;RISE Inside;Cybersécurité;2026-09-30;contact;Prospect : deja contacte
227;1;https://listenly.fr/podcast-btb/rising-tide-podcast.html;Rising Tide;Business & Entrepreneuriat;2026-09-30;contact;Prospect : deja contacte
228;1;https://listenly.fr/podcast-btb/secrets-of-staffing-success-podcast.html;Secrets of Staffing Success;Business & Entrepreneuriat;2026-09-30;contact;Prospect : deja contacte
229;1;https://listenly.fr/podcast-btb/should-this-exist-podcast.html;Should This Exist?;Cybersécurité;2026-09-30;contact;Prospect : deja contacte
230;1;https://listenly.fr/podcast-btb/social-pulse-podcast-agency-edition-podcast.html;Social Pulse Podcast: Agency Edition;Marketing & Communication;2026-09-30;contact;Prospect : deja contacte
231;1;https://listenly.fr/podcast-btb/social-pulse-podcast-b2b-edition-podcast.html;Social Pulse Podcast: B2B Edition;Marketing & Communication;2026-09-30;contact;Prospect : deja contacte
232;1;https://listenly.fr/podcast-btb/soil-to-soul-by-bonterra-organic-estates-podcast.html;Soil to Soul by Bonterra Organic Estates;RSE & Impact;2026-09-30;contact;Prospect : deja contacte
233;1;https://listenly.fr/podcast-btb/spotlight-on-procurement-podcast.html;Spotlight on Procurement;Business & Entrepreneuriat;2026-09-30;contact;Prospect : deja contacte
234;1;https://listenly.fr/podcast-btb/supply-chain-moves-official-move-supply-podcast.html;Supply Chain Moves;Business & Entrepreneuriat;2026-09-30;contact;Prospect : deja contacte
235;1;https://listenly.fr/podcast-btb/tailwind-marketing-podcast.html;Tailwind Marketing;Marketing & Communication;2026-09-30;contact;Prospect : deja contacte
236;1;https://listenly.fr/podcast-btb/talent-acquisition-leaders-podcast-recru-podcast.html;Talent Acquisition Leaders Podcast - Recruiting, Staffing, Human Resources;RH & Management;2026-09-30;contact;Prospect : deja contacte
237;1;https://listenly.fr/podcast-btb/tbpn-podcast.html;TBPN;Cybersécurité;2026-09-30;contact;Prospect : deja contacte
238;1;https://listenly.fr/podcast-btb/tech-leaders-intel-podcast.html;Tech Leaders Intel;Cybersécurité;2026-09-30;contact;Prospect : deja contacte
239;1;https://listenly.fr/podcast-btb/terri-talks-podcast-let-s-talk-podcast.html;Terri Talks Podcast - Let's Talk;Business & Entrepreneuriat;2026-09-30;contact;Prospect : deja contacte
240;1;https://listenly.fr/podcast-btb/the-5g-podcast-with-fexingo-wireless-net-podcast.html;The 5G Podcast with Fexingo: Wireless Networks, Carriers, and Mobile Infrastructure;Cybersécurité;2026-09-30;contact;Prospect : deja contacte
241;1;https://listenly.fr/podcast-btb/the-b2b-podcast-by-the-app-guys-podcast.html;The B2B Podcast by The App Guys;Business & Entrepreneuriat;2026-09-30;contact;Prospect : deja contacte
242;1;https://listenly.fr/podcast-btb/the-big-4-accounting-firms-podcast-podcast.html;The Big 4 Accounting Firms Podcast;Business & Entrepreneuriat;2026-09-30;contact;Prospect : deja contacte
243;1;https://listenly.fr/podcast-btb/the-chemical-show-leadership-conversatio-podcast.html;The Chemical Show: Leadership Conversations on Strategy, Supply Chain, Innovation, Talent and Trends;Business & Entrepreneuriat;2026-09-30;contact;Prospect : deja contacte
244;1;https://listenly.fr/podcast-btb/the-dentist-money-show-financial-plannin-podcast.html;The Dentist Money Show;Finance & Patrimoine;2026-09-30;contact;Prospect : deja contacte
245;1;https://listenly.fr/podcast-btb/the-digital-fix-podcast-hosted-by-sean-h-podcast.html;The Digital Fix Podcast Hosted By Sean Halter;Marketing & Communication;2026-09-30;contact;Prospect : deja contacte
246;1;https://listenly.fr/podcast-btb/the-distribution-by-juniper-square-podcast.html;The Distribution by Juniper Square;Finance & Patrimoine;2026-09-30;contact;Prospect : deja contacte
247;1;https://listenly.fr/podcast-btb/the-energy-executive-360-with-emilio-fau-podcast.html;The Energy Executive 360 with Emilio Faulmata;Business & Entrepreneuriat;2026-09-30;contact;Prospect : deja contacte
248;1;https://listenly.fr/podcast-btb/the-epam-continuum-podcast-network-podcast.html;The EPAM Continuum Podcast Network;Tech & SaaS;2026-09-30;contact;Prospect : deja contacte
249;1;https://listenly.fr/podcast-btb/the-financial-life-coach-podcast-podcast.html;The Financial Life Coach Podcast;Finance & Patrimoine;2026-09-30;contact;Prospect : deja contacte
250;1;https://listenly.fr/podcast-btb/the-growth-hub-podcast-podcast.html;The Growth Hub Podcast;Marketing & Communication;2026-09-30;contact;Prospect : deja contacte
251;1;https://listenly.fr/podcast-btb/the-intrinsic-value-podcast-the-investor-podcast.html;The Intrinsic Value Podcast;Finance & Patrimoine;2026-09-30;contact;Prospect : deja contacte
252;1;https://listenly.fr/podcast-btb/the-investor-s-podcast-we-study-billiona-podcast.html;The Investor's Podcast (We Study Billionaires);Finance & Patrimoine;2026-09-30;contact;Prospect : deja contacte
253;1;https://listenly.fr/podcast-btb/the-loco-experience-podcast.html;The LoCo Experience;Business & Entrepreneuriat;2026-09-30;contact;Prospect : deja contacte
254;1;https://listenly.fr/podcast-btb/the-managementos-podcast-scale-without-s-podcast.html;The ManagementOS Podcast: Scale Without Sacrifice, Lead With AI, Live Longer & Build Happy Teams;Business & Entrepreneuriat;2026-09-30;contact;Prospect : deja contacte
255;1;https://listenly.fr/podcast-btb/the-mobile-home-park-investing-podcast-r-podcast.html;The Mobile Home Park Investing Podcast - Real Estate Investing Niche;Immobilier;2026-09-30;contact;Prospect : deja contacte
256;1;https://listenly.fr/podcast-btb/the-next-imperative-podcast.html;The Next Imperative;Business & Entrepreneuriat;2026-09-30;contact;Prospect : deja contacte
257;1;https://listenly.fr/podcast-btb/the-outpost-by-userevidence-podcast.html;The Outpost by UserEvidence;Marketing & Communication;2026-09-30;contact;Prospect : deja contacte
258;1;https://listenly.fr/podcast-btb/the-procurement-podcast-podcast.html;The Procurement Podcast;Business & Entrepreneuriat;2026-09-30;contact;Prospect : deja contacte
259;1;https://listenly.fr/podcast-btb/the-property-couch-podcast.html;The Property Couch;Immobilier;2026-09-30;contact;Prospect : deja contacte
260;1;https://listenly.fr/podcast-btb/the-rethink-mining-podcast-podcast.html;The Rethink Mining Podcast;Business & Entrepreneuriat;2026-09-30;contact;Prospect : deja contacte
261;1;https://listenly.fr/podcast-btb/the-road-to-care-podcast.html;The Road to Care;Santé & Pharma;2026-09-30;contact;Prospect : deja contacte
262;1;https://listenly.fr/podcast-btb/the-run-revenue-show-podcast.html;The Run Revenue Show;Business & Entrepreneuriat;2026-09-30;contact;Prospect : deja contacte
263;1;https://listenly.fr/podcast-btb/the-secret-to-success-with-antonio-t-smi-podcast.html;The Secret To Success with Antonio T Smith Jr;Business & Entrepreneuriat;2026-09-30;contact;Prospect : deja contacte
264;1;https://listenly.fr/podcast-btb/the-secureworld-sessions-podcast.html;The SecureWorld Sessions;Cybersécurité;2026-09-30;contact;Prospect : deja contacte
265;1;https://listenly.fr/podcast-btb/the-strategy-and-leadership-podcast-with-podcast.html;The Strategy and Leadership Podcast with Anthony C. Taylor;Business & Entrepreneuriat;2026-09-30;contact;Prospect : deja contacte
266;1;https://listenly.fr/podcast-btb/the-tech-m-a-podcast-podcast.html;The Tech M&A Podcast;Business & Entrepreneuriat;2026-09-30;contact;Prospect : deja contacte
267;1;https://listenly.fr/podcast-btb/the-top-lessons-podcast-podcast.html;The TOP Lessons Podcast;RH & Management;2026-09-30;contact;Prospect : deja contacte
268;1;https://listenly.fr/podcast-btb/the-trade-guys-podcast.html;The Trade Guys;Business & Entrepreneuriat;2026-09-30;contact;Prospect : deja contacte
269;1;https://listenly.fr/podcast-btb/the-yield-podcast.html;The Yield;Finance & Patrimoine;2026-09-30;contact;Prospect : deja contacte
270;1;https://listenly.fr/podcast-btb/to-the-point-home-services-vip-room-podc-podcast.html;To The Point - Home Services VIP Room Podcast;Business & Entrepreneuriat;2026-09-30;contact;Prospect : deja contacte
271;1;https://listenly.fr/podcast-btb/today-s-market-explained-with-brian-kasa-podcast.html;Today's Market Explained with Brian Kasal;Finance & Patrimoine;2026-09-30;contact;Prospect : deja contacte
272;1;https://listenly.fr/podcast-btb/top-women-business-unusual-podcast-podcast.html;Top Women Business Unusual Podcast;Business & Entrepreneuriat;2026-09-30;contact;Prospect : deja contacte
273;1;https://listenly.fr/podcast-btb/uncapped-with-executive-roustabouts-podcast.html;Uncapped with Executive Roustabouts;Business & Entrepreneuriat;2026-09-30;contact;Prospect : deja contacte
274;1;https://listenly.fr/podcast-btb/value-hive-podcast-podcast.html;Value Hive Podcast;Finance & Patrimoine;2026-09-30;contact;Prospect : deja contacte
275;1;https://listenly.fr/podcast-btb/weaver-beyond-the-numbers-podcast.html;Weaver: Beyond the Numbers;Finance & Patrimoine;2026-09-30;contact;Prospect : deja contacte
276;1;https://listenly.fr/podcast-btb/what-s-next-a-digital-marketing-podcast-podcast.html;What's Next: A Digital Marketing Podcast for B2B;Marketing & Communication;2026-09-30;contact;Prospect : deja contacte
277;1;https://listenly.fr/podcast-btb/what-s-the-use-commercial-real-estate-to-podcast.html;What's The Use (Commercial Real Estate Today);Immobilier;2026-09-30;contact;Prospect : deja contacte
278;1;https://listenly.fr/podcast-btb/wmyt-what-makes-you-tick-tech-leaders-ca-podcast.html;WMYT - What Makes YOU Tick: Tech Leaders Career Stories;Business & Entrepreneuriat;2026-09-30;contact;Prospect : deja contacte
279;1;https://listenly.fr/podcast-btb/women-in-utilities-podcast.html;Women in Utilities;Business & Entrepreneuriat;2026-09-30;contact;Prospect : deja contacte
280;1;https://listenly.fr/podcast-btb/workology-podcast-podcast.html;Workology Podcast;RH & Management;2026-09-30;contact;Prospect : deja contacte
281;1;https://listenly.fr/podcast-btb/zendesk-insights-exploring-the-trends-te-podcast.html;Zendesk Insights - Exploring the trends, technologies, and innovations shaping the future of customer service;Business & Entrepreneuriat;2026-09-30;contact;Prospect : deja contacte
282;1;https://listenly.fr/podcast-btb/attributed-a-podcast-by-dreamdata-podcast.html;Attributed - A podcast by Dreamdata;Marketing & Communication;2026-10-01;contact;Prospect : deja contacte
283;1;https://listenly.fr/podcast-btb/b-atomic-airwaves-podcast.html;B Atomic Airwaves;Business & Entrepreneuriat;2026-10-01;contact;Prospect : deja contacte
284;1;https://listenly.fr/podcast-btb/contractor-success-map-with-randal-dehar-podcast.html;Contractor Success Map with Randal DeHart;Business & Entrepreneuriat;2026-10-01;contact;Prospect : deja contacte
285;1;https://listenly.fr/podcast-btb/grow-your-law-firm-podcast.html;Grow Your Law Firm;Droit & Juridique;2026-10-01;contact;Prospect : deja contacte
286;1;https://listenly.fr/podcast-btb/medtech-business-academy-podcast.html;MedTech Business Academy;Santé & Pharma;2026-10-01;contact;Prospect : deja contacte
287;1;https://listenly.fr/podcast-btb/multifamily-investor-nation-podcast.html;Multifamily Investor Nation;Immobilier;2026-10-01;contact;Prospect : deja contacte
288;1;https://listenly.fr/podcast-btb/providend-s-money-wisdom-podcast.html;Providend's Money Wisdom;Finance & Patrimoine;2026-10-01;contact;Prospect : deja contacte
289;1;https://listenly.fr/podcast-btb/repod-podcast.html;REpod;Immobilier;2026-10-01;contact;Prospect : deja contacte
290;1;https://listenly.fr/podcast-btb/speak-your-way-to-cash-podcast.html;Speak Your Way To Cash;Business & Entrepreneuriat;2026-10-01;contact;Prospect : deja contacte
291;1;https://listenly.fr/podcast-btb/the-new-skool-podcast.html;The New Skool Podcast;Marketing & Communication;2026-10-01;contact;Prospect : deja contacte
292;1;https://listenly.fr/podcast-btb/the-next-cmo-podcast.html;The Next CMO;Marketing & Communication;2026-10-01;contact;Prospect : deja contacte
293;1;https://listenly.fr/podcast-btb/two-irish-guys-discussing-software-podcast.html;Two Irish Guys Discussing Software;Cybersécurité;2026-10-01;contact;Prospect : deja contacte
294;2;https://listenly.fr/podcast-btb/the-untold-side-description-du-podcast-podcast.html;The Untold Side;RH & Management;2026-07-06;hors file;N1 ancienne jamais explorée par Google (explorée mais refusée : améliorer le contenu avant de redemander)
295;2;https://listenly.fr/podcast-btb/argent-conte-podcast.html;Argent Conté;Finance & Patrimoine;2026-07-07;hors file;N1 ancienne jamais explorée par Google (explorée mais refusée : améliorer le contenu avant de redemander)
296;2;https://listenly.fr/podcast-btb/on-n-a-jamais-fait-comme-ca-le-podcast-rh-par-pour-podcast.html;On n'a jamais fait comme ça — Le podcast RH par & pour les DRH;RH & Management;2026-07-07;hors file;N1 ancienne jamais explorée par Google (explorée mais refusée : améliorer le contenu avant de redemander)
297;2;https://listenly.fr/podcast-btb/sans-detour-temoignages-d-entrepreneurs-podcast.html;Sans détour : témoignages d'entrepreneurs;Business & Entrepreneuriat;2026-07-07;hors file;N1 ancienne jamais explorée par Google (explorée mais refusée : améliorer le contenu avant de redemander)
298;2;https://listenly.fr/podcast-btb/t-as-deux-minutes-pour-innover-podcast.html;T'as deux minutes ? (pour innover);Finance & Patrimoine;2026-07-07;hors file;N1 ancienne jamais explorée par Google (explorée mais refusée : améliorer le contenu avant de redemander)
299;2;https://listenly.fr/podcast-btb/a-bon-entendeur-podcast.html;À Bon Entendeur;RSE & Impact;2026-07-08;hors file;N1 ancienne jamais explorée par Google
300;2;https://listenly.fr/podcast-btb/time-to-secure-podcast.html;Time to Secure;Finance & Patrimoine;2026-07-08;hors file;N1 ancienne jamais explorée par Google (explorée mais refusée : améliorer le contenu avant de redemander)
301;2;https://listenly.fr/podcast-btb/edge-podcast-podcast.html;Edge;Business & Entrepreneuriat;2026-07-09;hors file;N1 ancienne jamais explorée par Google
302;2;https://listenly.fr/podcast-btb/just-focus-podcast.html;Just Focus;Finance & Patrimoine;2026-07-09;hors file;N1 ancienne jamais explorée par Google
303;2;https://listenly.fr/podcast-btb/l-art-de-la-gestion-patrimoniale-podcast.html;L'Art de la Gestion Patrimoniale;Finance & Patrimoine;2026-07-09;hors file;N1 ancienne jamais explorée par Google (explorée mais refusée : améliorer le contenu avant de redemander)
304;2;https://listenly.fr/podcast-btb/parlons-servicenow-podcast.html;Parlons ServiceNow;Cybersécurité;2026-07-09;hors file;N1 ancienne jamais explorée par Google
305;2;https://listenly.fr/podcast-btb/contre-jour-podcast.html;À Contre-Jour;Société & Culture;2026-07-10;hors file;N1 ancienne jamais explorée par Google
306;2;https://listenly.fr/podcast-btb/e-commerce-nation-podcast.html;E-Commerce Nation;Business & Entrepreneuriat;2026-07-10;hors file;N1 ancienne jamais explorée par Google
307;2;https://listenly.fr/podcast-btb/41-m-2-podcast.html;41m² - Le podcast de l'investissement immobilier et des finances perso;Immobilier;2026-07-11;hors file;N1 ancienne jamais explorée par Google
308;2;https://listenly.fr/podcast-btb/Zélie-podcast.html;Zélie - Le Podcast // Femmes inspirées;Société & Culture;2026-07-11;hors file;N1 ancienne jamais explorée par Google
309;2;https://listenly.fr/podcast-btb/money-tree-podcast.html;Money Tree, le podcast Immobilier & Investissement d'Artae;Immobilier;2026-07-11;hors file;N1 ancienne jamais explorée par Google
310;2;https://listenly.fr/podcast-btb/real-insiders-podcast.html;Real Insiders : Le podcast dédié à l'immobilier Suisse d'aujourd'hui et de demain;Immobilier;2026-07-11;hors file;N1 ancienne jamais explorée par Google
311;2;https://listenly.fr/podcast-btb/elasticat-podcast.html;Elasticast;Cybersécurité;2026-07-12;hors file;N1 ancienne jamais explorée par Google
312;2;https://listenly.fr/podcast-btb/pharma-minds-podcast.html;Pharma Minds;Santé & Pharma;2026-07-12;hors file;N1 ancienne jamais explorée par Google
313;2;https://listenly.fr/podcast-btb/virage-pharma-podcast.html;Virage Pharma;Santé & Pharma;2026-07-13;hors file;N1 ancienne jamais explorée par Google
314;2;https://listenly.fr/podcast-btb/in-the-air-podcast.html;In the Air;Santé & Pharma;2026-07-14;hors file;N1 ancienne jamais explorée par Google
315;2;https://listenly.fr/podcast-btb/leaders-on-purpose-podcast.html;Leaders On Purpose with Manal Bernoussi;RH & Management;2026-07-14;hors file;N1 ancienne jamais explorée par Google
316;2;https://listenly.fr/podcast-btb/transition-podcast-podcast.html;Transitions;Finance & Patrimoine;2026-07-15;hors file;N1 ancienne jamais explorée par Google
317;2;https://listenly.fr/podcast-btb/ceecoya-podcast-podcast.html;Ceecoya Podcast | L'émission transformation;Finance & Patrimoine;2026-07-17;hors file;N1 ancienne jamais explorée par Google
318;2;https://listenly.fr/podcast-btb/jamais-dit-podcast.html;JAMAIS DIT ! le podcast d'Isabelle Farrugia;Société & Culture;2026-07-17;hors file;N1 ancienne jamais explorée par Google
319;2;https://listenly.fr/podcast-btb/purple-voice-podcast.html;Purple Voice;Cybersécurité;2026-07-17;hors file;N1 ancienne jamais explorée par Google
320;2;https://listenly.fr/podcast-btb/caption-podcast-podcast.html;Caption Podcast - Investissement et conformité;Finance & Patrimoine;2026-07-20;hors file;N1 ancienne jamais explorée par Google
321;2;https://listenly.fr/podcast-btb/contemporary-challenges-podcast.html;Contemporary Challenges;RH & Management;2026-07-20;hors file;N1 ancienne jamais explorée par Google
322;2;https://listenly.fr/podcast-btb/boussole-et-trajectoires-podcast.html;Boussole et Trajectoires;RH & Management;2026-07-22;hors file;N1 ancienne jamais explorée par Google
323;2;https://listenly.fr/podcast-btb/le-siège-podcast.html;LE SIÈGE;Business & Entrepreneuriat;2026-07-22;hors file;N1 ancienne jamais explorée par Google
324;2;https://listenly.fr/podcast-btb/legalite-podcast-podcast.html;Légalités;Droit & Juridique;2026-07-22;hors file;N1 ancienne jamais explorée par Google
325;2;https://listenly.fr/podcast-btb/ctrl-s-podcast-podcast.html;Ctrl+S - La cybersécurité du quotidien pour les pros par ESET;Cybersécurité;2026-07-24;hors file;N1 ancienne jamais explorée par Google
326;2;https://listenly.fr/podcast-btb/Podcast8m-marketing-podcast-podcast.html;Marketing B2B avec Mony Chhim;Marketing & Communication;2026-07-25;hors file;N1 ancienne jamais explorée par Google
327;2;https://listenly.fr/podcast-btb/afropod-podcast-podcast.html;Afropod, le podcast d'Afrofeeling;Business & Entrepreneuriat;2026-07-25;hors file;N1 ancienne jamais explorée par Google
328;2;https://listenly.fr/podcast-btb/vo2x-podcast-podcast.html;Podcast VO2X;Business & Entrepreneuriat;2026-07-25;hors file;N1 ancienne jamais explorée par Google
329;2;https://listenly.fr/podcast-btb/the-retreat-leaders-podcast-podcast.html;The Retreat Leaders Podcast;Business & Entrepreneuriat;2026-08-07;hors file;N1 ancienne jamais explorée par Google
330;2;https://listenly.fr/podcast-btb/the-costa-property-podcast.html;The Costa Property Podcast;Immobilier;2026-08-08;hors file;N1 ancienne jamais explorée par Google (explorée mais refusée : améliorer le contenu avant de redemander)
331;2;https://listenly.fr/podcast-btb/pod-save-america-podcast.html;Pod Save America;Société & Culture;2026-08-09;hors file;N1 ancienne jamais explorée par Google
332;2;https://listenly.fr/podcast-btb/wait-wait-dont-tell-me-podcast.html;Wait Wait... Don't Tell Me!;Société & Culture;2026-08-10;hors file;N1 ancienne jamais explorée par Google
333;2;https://listenly.fr/podcast-btb/world-war-2-podcast-podcast.html;World War II with Tom Hanks;Société & Culture;2026-08-10;hors file;N1 ancienne jamais explorée par Google
334;2;https://listenly.fr/podcast-btb/unblinded-with-sean-callagy-podcast.html;Unblinded with Sean Callagy;Business & Entrepreneuriat;2026-08-12;hors file;N1 ancienne jamais explorée par Google
335;2;https://listenly.fr/podcast-btb/car-dealership-guy-podcast-podcast.html;Car Dealership Guy Podcast;Business & Entrepreneuriat;2026-08-19;hors file;N1 ancienne jamais explorée par Google
336;2;https://listenly.fr/podcast-btb/hull-trains-moving-minds-podcast.html;Hull Trains – Moving Minds;Société & Culture;2026-08-25;hors file;N1 ancienne jamais explorée par Google
337;2;https://listenly.fr/podcast-btb/money-guy-show-podcast.html;Money Guy Show;Finance & Patrimoine;2026-08-27;hors file;N1 ancienne jamais explorée par Google
338;2;https://listenly.fr/podcast-btb/inspiring-industry-podcast-podcast.html;Inspiring Industry Podcast;Business & Entrepreneuriat;2026-08-30;hors file;N1 ancienne jamais explorée par Google
339;2;https://listenly.fr/podcast-btb/propulsion-d-entreprise-succ-s-et-croiss-podcast.html;Propulsion d'Entreprise - Succès et Croissance Pour Les Entreprises de Services et Construction;Business & Entrepreneuriat;2026-08-30;hors file;N1 ancienne jamais explorée par Google
340;2;https://listenly.fr/podcast-btb/beyond-the-plan-podcast.html;Beyond The Plan;Business & Entrepreneuriat;2026-08-31;hors file;N1 ancienne jamais explorée par Google
341;2;https://listenly.fr/podcast-btb/coffee-cap-rates-commercial-real-estate-podcast.html;Coffee & Cap Rates: Commercial Real Estate Podcast;Immobilier;2026-08-31;hors file;N1 ancienne jamais explorée par Google
342;2;https://listenly.fr/podcast-btb/empowering-industry-podcast-a-production-podcast.html;Empowering Industry Podcast - A Production of Empowering Pumps & Equipment;Business & Entrepreneuriat;2026-08-31;hors file;N1 ancienne jamais explorée par Google
343;2;https://listenly.fr/podcast-btb/musterpoint-off-the-clock-podcast.html;MusterPoint Off the Clock;Santé & Pharma;2026-08-31;hors file;N1 ancienne jamais explorée par Google
344;2;https://listenly.fr/podcast-btb/the-treppwire-podcast-a-commercial-real-podcast.html;The TreppWire Podcast: A Commercial Real Estate Show;Finance & Patrimoine;2026-08-31;hors file;N1 ancienne jamais explorée par Google
345;2;https://listenly.fr/podcast-btb/b2b-vault-the-biz-to-biz-podcast-podcast.html;B2B Vault: The Biz To Biz Podcast;Business & Entrepreneuriat;2026-09-01;hors file;N1 ancienne jamais explorée par Google
346;2;https://listenly.fr/podcast-btb/creatures-of-the-industry-podcast.html;Creatures of the Industry;Business & Entrepreneuriat;2026-09-01;hors file;N1 ancienne jamais explorée par Google
347;2;https://listenly.fr/podcast-btb/forum-focus-podcast.html;Forum Focus;Business & Entrepreneuriat;2026-09-01;hors file;N1 ancienne jamais explorée par Google
348;2;https://listenly.fr/podcast-btb/hit-the-brakes-the-can-t-miss-topics-in-podcast.html;Hit The Brakes: The Can't Miss Topics in the Logistics Industry;Business & Entrepreneuriat;2026-09-01;hors file;N1 ancienne jamais explorée par Google
349;2;https://listenly.fr/podcast-btb/just-in-time-your-e-commerce-logistics-p-podcast.html;Just-in-Time | Your E-Commerce Logistics Podcast;Business & Entrepreneuriat;2026-09-01;hors file;N1 ancienne jamais explorée par Google
350;2;https://listenly.fr/podcast-btb/lcr-media-podcast-podcast.html;LCR Media Podcast;Business & Entrepreneuriat;2026-09-01;hors file;N1 ancienne jamais explorée par Google
351;2;https://listenly.fr/podcast-btb/real-estate-intelligence-daily-proptech-podcast.html;Real Estate Intelligence Daily — PropTech, Finance & Commercial Market Insights;Immobilier;2026-09-01;hors file;N1 ancienne jamais explorée par Google
352;2;https://listenly.fr/podcast-btb/the-boulos-beat-a-commercial-real-estate-podcast.html;The Boulos Beat: A Commercial Real Estate Podcast;Immobilier;2026-09-01;hors file;N1 ancienne jamais explorée par Google
353;2;https://listenly.fr/podcast-btb/the-produce-industry-podcast-w-patrick-k-podcast.html;The Produce Industry Podcast w/ Patrick Kelly;Business & Entrepreneuriat;2026-09-01;hors file;N1 ancienne jamais explorée par Google
354;2;https://listenly.fr/podcast-btb/glazing-insider-podcast.html;Glazing Insider;Business & Entrepreneuriat;2026-09-02;hors file;N1 ancienne jamais explorée par Google
355;2;https://listenly.fr/podcast-btb/the-manufacturing-it-podcast-podcast.html;The Manufacturing IT Podcast;Business & Entrepreneuriat;2026-09-04;sans_email;N1 ancienne jamais explorée par Google
356;2;https://listenly.fr/podcast-btb/the-aerospace-executive-podcast-podcast.html;The Aerospace Executive Podcast;Business & Entrepreneuriat;2026-09-05;sans_email;N1 ancienne jamais explorée par Google
357;2;https://listenly.fr/podcast-btb/smartermarkets-podcast-podcast.html;SmarterMarkets;Finance & Patrimoine;2026-09-07;hors file;N1 ancienne jamais explorée par Google
358;3;https://listenly.fr/podcast-btb/guy-kawasaki-s-remarkable-people-podcast.html;Guy Kawasaki's Remarkable People;Business & Entrepreneuriat;2026-09-21;sans_email;Autre N1
359;3;https://listenly.fr/podcast-btb/marketforge-podcast.html;Marketforge;Marketing & Communication;2026-09-25;hors file;Autre N1
360;3;https://listenly.fr/podcast-btb/slow-marketing-le-podcast-des-cmo-a-impact-podcast.html;Slow Marketing - Le podcast des CMO à impact;Marketing & Communication;2026-09-25;hors file;Autre N1
361;3;https://listenly.fr/podcast-btb/connecting-industry-podcast.html;Connecting Industry;Business & Entrepreneuriat;2026-09-27;sans_email;Autre N1
362;3;https://listenly.fr/podcast-btb/contracting-officer-podcast-2-0-samples-podcast.html;Contracting Officer Podcast 2.0;Business & Entrepreneuriat;2026-09-27;sans_email;Autre N1
363;3;https://listenly.fr/podcast-btb/estate-professionals-mastermind-probate-podcast.html;Estate Professionals Mastermind - Probate and Senior Real Estate Podcast;Immobilier;2026-09-27;sans_email;Autre N1
364;3;https://listenly.fr/podcast-btb/executive-edge-podcast-podcast.html;Executive Edge Podcast;Business & Entrepreneuriat;2026-09-27;sans_email;Autre N1
365;3;https://listenly.fr/podcast-btb/famous-nobodies-podcast-podcast.html;Famous Nobodies Podcast;Business & Entrepreneuriat;2026-09-27;sans_email;Autre N1
366;3;https://listenly.fr/podcast-btb/fondy-famous-podcast.html;Fondy Famous;Business & Entrepreneuriat;2026-09-27;sans_email;Autre N1
367;3;https://listenly.fr/podcast-btb/high-tech-sunday-podcast.html;High-Tech Sunday;Business & Entrepreneuriat;2026-09-27;sans_email;Autre N1
368;3;https://listenly.fr/podcast-btb/how-i-built-this-small-business-l-podcast.html;How I Built This Small Business;Business & Entrepreneuriat;2026-09-27;sans_email;Autre N1
369;3;https://listenly.fr/podcast-btb/how-i-built-this-sports-club-podcast.html;How I Built This Sports Club;Business & Entrepreneuriat;2026-09-27;sans_email;Autre N1
370;3;https://listenly.fr/podcast-btb/ignited-striking-industrial-automation-c-podcast.html;Ignited: Striking Industrial Automation Conversations;Cybersécurité;2026-09-27;sans_email;Autre N1
371;3;https://listenly.fr/podcast-btb/industrial-edge-the-factory-automation-p-podcast.html;Industrial Edge: The Factory Automation Podcast;Business & Entrepreneuriat;2026-09-27;sans_email;Autre N1
372;3;https://listenly.fr/podcast-btb/inspirational-leadership-with-the-best-i-podcast.html;Inspirational Leadership with the Best in Home Building;Business & Entrepreneuriat;2026-09-27;sans_email;Autre N1
373;3;https://listenly.fr/podcast-btb/lead-girl-lead-leadership-for-women-in-n-podcast.html;Lead Girl, Lead: Leadership for Women in Network Marketing;Business & Entrepreneuriat;2026-09-27;sans_email;Autre N1
374;3;https://listenly.fr/podcast-btb/made-in-ukraine-tech-startup-edition-int-podcast.html;Made in Ukraine Tech Startup Edition;Cybersécurité;2026-09-27;sans_email;Autre N1
375;3;https://listenly.fr/podcast-btb/mornings-with-joel-commercial-real-estat-podcast.html;Mornings with Joel: Commercial Real Estate Podcast;Immobilier;2026-09-27;sans_email;Autre N1
376;3;https://listenly.fr/podcast-btb/proco360-best-podcast-for-entrepreneurs-podcast.html;PROCO360: Best Podcast for Entrepreneurs and Business Owners;Business & Entrepreneuriat;2026-09-27;sans_email;Autre N1
377;3;https://listenly.fr/podcast-btb/ptc-industry-talks-podcast.html;PTC Industry Talks;Business & Entrepreneuriat;2026-09-27;sans_email;Autre N1
378;3;https://listenly.fr/podcast-btb/real-estate-marketing-implementation-pod-podcast.html;Real Estate Marketing Implementation Podcast (The REmarketing Podcast);Immobilier;2026-09-27;sans_email;Autre N1
379;3;https://listenly.fr/podcast-btb/semiconductor-engineering-daily-a-workfo-podcast.html;Semiconductor Engineering Daily: A Workforce Development B2B Podcast;Cybersécurité;2026-09-27;sans_email;Autre N1
380;3;https://listenly.fr/podcast-btb/shopify1percent-the-best-shopify-podcast-podcast.html;Shopify1Percent - The Best Shopify Podcast To Make Your Ecommerce Business 1% Better Every Episode;Business & Entrepreneuriat;2026-09-27;sans_email;Autre N1
381;3;https://listenly.fr/podcast-btb/smartermarkets-podcast.html;SmarterMarkets™;Finance & Patrimoine;2026-09-27;sans_email;Autre N1
382;3;https://listenly.fr/podcast-btb/stories-of-an-extraordinary-industry-podcast.html;Stories of an Extraordinary Industry;Business & Entrepreneuriat;2026-09-27;sans_email;Autre N1
383;3;https://listenly.fr/podcast-btb/supply-chain-careers-podcast-podcast.html;Supply Chain Careers Podcast;Business & Entrepreneuriat;2026-09-27;sans_email;Autre N1
384;3;https://listenly.fr/podcast-btb/the-best-coach-ever-podcast-podcast.html;The Best Coach Ever Podcast;Business & Entrepreneuriat;2026-09-27;sans_email;Autre N1
385;3;https://listenly.fr/podcast-btb/the-bulletproof-entrepreneur-podcast.html;The Bulletproof Entrepreneur™;Business & Entrepreneuriat;2026-09-27;sans_email;Autre N1
386;3;https://listenly.fr/podcast-btb/the-business-development-podcast-podcast.html;The Business Development Podcast;Business & Entrepreneuriat;2026-09-27;sans_email;Autre N1
387;3;https://listenly.fr/podcast-btb/the-difference-engine-b2b-category-desig-podcast.html;The Difference Engine;Business & Entrepreneuriat;2026-09-27;sans_email;Autre N1
388;3;https://listenly.fr/podcast-btb/the-good-grow-great-podcast-podcast.html;The Good Grow Great Podcast;Business & Entrepreneuriat;2026-09-27;sans_email;Autre N1
389;3;https://listenly.fr/podcast-btb/the-harris-beach-podcast-podcast.html;The Harris Beach Podcast;Droit & Juridique;2026-09-27;sans_email;Autre N1
390;3;https://listenly.fr/podcast-btb/the-member-engagement-show-podcast.html;The Member Engagement Show;Business & Entrepreneuriat;2026-09-27;sans_email;Autre N1
391;3;https://listenly.fr/podcast-btb/the-preconstruction-podcast-commercial-c-podcast.html;The Preconstruction Podcast - Commercial Construction;Business & Entrepreneuriat;2026-09-27;sans_email;Autre N1
392;3;https://listenly.fr/podcast-btb/top-10-nordic-startups-techbbq2020-podcast.html;Top 10 Nordic Startups @TechBBQ2020;Business & Entrepreneuriat;2026-09-27;sans_email;Autre N1
393;3;https://listenly.fr/podcast-btb/top-business-growth-hacks-podcast-podcast.html;Top Business Growth Hacks Podcast;Business & Entrepreneuriat;2026-09-27;sans_email;Autre N1
394;3;https://listenly.fr/podcast-btb/top-voice-podcast-with-michael-j-l-pez-podcast.html;Top Voice Podcast with Michael J. López;Business & Entrepreneuriat;2026-09-27;sans_email;Autre N1
395;3;https://listenly.fr/podcast-btb/best-of-sales-skills-podcast-podcast.html;Best Of Sales Skills Podcast;Business & Entrepreneuriat;2026-09-28;sans_email;Autre N1
396;3;https://listenly.fr/podcast-btb/beyond-fulfillment-podcast-podcast.html;Beyond Fulfillment Podcast;Business & Entrepreneuriat;2026-09-28;sans_email;Autre N1
397;3;https://listenly.fr/podcast-btb/black-tech-green-money-podcast.html;Black Tech Green Money;Business & Entrepreneuriat;2026-09-28;sans_email;Autre N1
398;3;https://listenly.fr/podcast-btb/construction-disruption-podcast.html;Construction Disruption;Business & Entrepreneuriat;2026-09-28;sans_email;Autre N1
399;3;https://listenly.fr/podcast-btb/in-development-podcast-podcast.html;In Development Podcast;Immobilier;2026-09-28;sans_email;Autre N1
400;3;https://listenly.fr/podcast-btb/the-building-code-podcast.html;The Building Code;Business & Entrepreneuriat;2026-09-28;sans_email;Autre N1
401;3;https://listenly.fr/podcast-btb/the-commercial-real-estate-deep-dive-pod-podcast.html;The Commercial Real Estate Deep Dive Podcast;Immobilier;2026-09-28;sans_email;Autre N1
402;3;https://listenly.fr/podcast-btb/the-hex-files-energy-marketing-podcast-podcast.html;The HEX-Files Energy Marketing Podcast;Marketing & Communication;2026-09-28;sans_email;Autre N1
403;3;https://listenly.fr/podcast-btb/the-land-development-podcast-with-ryan-g-podcast.html;The Land Development Podcast with Ryan Glick;Immobilier;2026-09-28;sans_email;Autre N1
404;3;https://listenly.fr/podcast-btb/top-producers-nation-podcast-podcast.html;Top Producers Nation Podcast;Immobilier;2026-09-28;sans_email;Autre N1
405;3;https://listenly.fr/podcast-btb/topmusic-ai-podcast-podcast.html;TopMusic AI Podcast;Business & Entrepreneuriat;2026-09-28;sans_email;Autre N1
406;3;https://listenly.fr/podcast-btb/acquired-empires-the-business-buying-pod-podcast.html;Acquired Empires - The Business Buying Podcast;Business & Entrepreneuriat;2026-09-29;sans_email;Autre N1
407;3;https://listenly.fr/podcast-btb/aon-at-the-top-interviewing-executives-o-podcast.html;Aon at The Top: Interviewing Executives on their Paths to the C-Suite and Boardroom;Business & Entrepreneuriat;2026-09-29;sans_email;Autre N1
408;3;https://listenly.fr/podcast-btb/better-life-lab-podcast.html;Better Life Lab;RH & Management;2026-09-29;sans_email;Autre N1
409;3;https://listenly.fr/podcast-btb/bite-sized-business-law-podcast.html;Bite-Sized Business Law;Droit & Juridique;2026-09-29;sans_email;Autre N1
410;3;https://listenly.fr/podcast-btb/commercial-real-estate-blueprint-podcast-podcast.html;Commercial Real Estate Blueprint Podcast;Immobilier;2026-09-29;sans_email;Autre N1
411;3;https://listenly.fr/podcast-btb/drew-talks-business-investing-entreprene-podcast.html;Drew Talks Business: Investing, Entrepreneurship & Finance Podcast;Business & Entrepreneuriat;2026-09-29;sans_email;Autre N1
412;3;https://listenly.fr/podcast-btb/energy-sector-heroes-careers-in-oil-gas-podcast.html;Energy Sector Heroes ~ Careers in Oil & Gas, Sustainability & Renewable Energy;Business & Entrepreneuriat;2026-09-29;sans_email;Autre N1
413;3;https://listenly.fr/podcast-btb/fastest-5-minutes-the-podcast-government-podcast.html;Fastest 5 Minutes: The Podcast Government Contractors Can't Do Without;Droit & Juridique;2026-09-29;sans_email;Autre N1
414;3;https://listenly.fr/podcast-btb/fpo-g-financial-planning-for-oil-gas-pro-podcast.html;FPO&G: Financial Planning for Oil & Gas Professionals;Finance & Patrimoine;2026-09-29;sans_email;Autre N1
415;3;https://listenly.fr/podcast-btb/freight-famous-podcast.html;Freight Famous;Business & Entrepreneuriat;2026-09-29;sans_email;Autre N1
416;3;https://listenly.fr/podcast-btb/growthitect-podcast.html;Growthitect;Business & Entrepreneuriat;2026-09-29;sans_email;Autre N1
417;3;https://listenly.fr/podcast-btb/marketing-leadership-podcast-strategies-podcast.html;Marketing Leadership Podcast: Strategies From Wise D2C & B2B Marketers;Marketing & Communication;2026-09-29;sans_email;Autre N1
418;3;https://listenly.fr/podcast-btb/royal-aeronautical-society-podcast-podcast.html;Royal Aeronautical Society Podcast;Business & Entrepreneuriat;2026-09-29;sans_email;Autre N1
419;3;https://listenly.fr/podcast-btb/speak-up-develop-your-executive-presence-podcast.html;Speak Up: Develop Your Executive Presence & Leadership Communication Style;RH & Management;2026-09-29;sans_email;Autre N1
420;3;https://listenly.fr/podcast-btb/the-analytic-mind-podcast.html;The Analytic Mind;Cybersécurité;2026-09-29;sans_email;Autre N1
421;3;https://listenly.fr/podcast-btb/the-bestbox-podcast-podcast.html;The BestBox Podcast;Business & Entrepreneuriat;2026-09-29;sans_email;Autre N1
422;3;https://listenly.fr/podcast-btb/the-business-casual-podcast-making-dolla-podcast.html;The Business Casual Podcast: Making Dollars and Sense in Commercial Real Estate;Immobilier;2026-09-29;sans_email;Autre N1
423;3;https://listenly.fr/podcast-btb/the-cocktail-hour-podcast-podcast.html;The Cocktail Hour Podcast;Business & Entrepreneuriat;2026-09-29;sans_email;Autre N1
424;3;https://listenly.fr/podcast-btb/the-founders-podcast-by-bullstrap-podcast.html;The Founders' Podcast by Bullstrap;Business & Entrepreneuriat;2026-09-29;sans_email;Autre N1
425;3;https://listenly.fr/podcast-btb/the-squeaky-clean-energy-podcast-podcast.html;The Squeaky Clean Energy Podcast;RSE & Impact;2026-09-29;sans_email;Autre N1
426;3;https://listenly.fr/podcast-btb/the-top-5-dei-podcast-podcast.html;The Top 5 DEI Podcast;RH & Management;2026-09-29;sans_email;Autre N1
427;3;https://listenly.fr/podcast-btb/the-zenergy-podcast-energy-leadership-fi-podcast.html;The ZENERGY Podcast: Energy Leadership, Finance, and Technology;Finance & Patrimoine;2026-09-29;sans_email;Autre N1
428;3;https://listenly.fr/podcast-btb/tribe-of-mentors-podcast.html;Tribe of Mentors;Business & Entrepreneuriat;2026-09-29;sans_email;Autre N1
429;3;https://listenly.fr/podcast-btb/wild-wealth-podcast-high-ticket-offers-o-podcast.html;Wild Wealth Podcast;Business & Entrepreneuriat;2026-09-29;sans_email;Autre N1
430;3;https://listenly.fr/podcast-btb/alpha-beta-launch-fintech-founder-storie-podcast.html;Alpha Beta Launch: Fintech Founder Stories;Finance & Patrimoine;2026-09-30;sans_email;Autre N1
431;3;https://listenly.fr/podcast-btb/money-is-emotional-podcast.html;Money Is Emotional;Finance & Patrimoine;2026-09-30;sans_email;Autre N1
432;3;https://listenly.fr/podcast-btb/snowpal-software-development-finance-and-podcast.html;Snowpal: Software Development, Finance and AI;Cybersécurité;2026-09-30;sans_email;Autre N1
433;3;https://listenly.fr/podcast-btb/the-extra-mile-podcast-by-metafora-podcast.html;The Extra Mile Podcast by Metafora;Business & Entrepreneuriat;2026-09-30;sans_email;Autre N1
